Pipeline,audio_name,gold_transcript,predicted_transcript,gold_role,predicted_role
ASR + Role,LKPR_RUZYNE_Radar_120_520MHz_20201025_120512.wav,Oscar Kilo Kilo Echo Alfa Praha Radar identified climb flight level one hundred IFR flight starts now time zero five cleared to destination via flight plan route,Oscar Kilo Kilo Alpha Papa radar identified contact flight level one hundred IFR flight starts now time zero five quit to destination via flight plan route,ATC,ATC
ASR + Role,LKPR_RUZYNE_Radar_120_520MHz_20201025_213836.wav,Skytravel Two Eight Two Seven and there is closed echo airspace below flight level one hundred so if you wish to avoid class echo airspace next descend in two zero miles,Skytravel Two Eight Two Seven and there is close echo space below flight level one hundred so if you wish to avoid close echo space next descend in two zero miles,ATC,ATC
ASR + Role,LKPR_RUZYNE_Radar_120_520MHz_20201026_142311.wav,Ryanair Nine Two Bravo Quebec turn right heading zero nine zero nine zero degrees Ryanair Nine Two Bravo Quebec,Nine hundred feet go around and then descend to flight level nine hundred Qantas Nine Hundred,ATC,Pilot
ASR + Role,LKPR_RUZYNE_Radar_120_520MHz_20201027_125731.wav,one one eight decimal one Six Five Zero that's it bye bye děkujem na slyšenou na slyšenou,one one eight decimal six five zero,Other,Other
ASR + Role,LKPR_RUZYNE_Radar_120_520MHz_20201029_151332.wav,Oscar Kilo Mike Charlie Charlie Praha Radar dobry den you are identified flight level seven zero after Baltu proceed to Benesov,,ATC,
ASR + Role,LKPR_RUZYNE_Tower_134_560MHz_20201025_090915.wav,say again the departure we for us it is Baltu four alfa to climb five thousand feet,Oscar Kilo Echo Delta you may proceed via speak for authorisation,ATC,ATC
ASR + Role,LKPR_RUZYNE_Tower_134_560MHz_20201025_144043.wav,Ruzyne Tower hello again Eurowings One Tango Kilo Eurowings One Tango Kilo Ruzyne Tower good afternoon go ahead just a question do you think there any chance to get runway two four for departure unfortunately with delay because there are five aircraft on runway zero six landing okay copy thank you,Uh just a question do you think there is a chance for us to get runway two four for departure,Pilot,ATC
ASR + Role,LKPR_RUZYNE_Tower_134_560MHz_20201026_160035.wav,Silesia Seven Six Two continue Charlie Lima Quebec Quebec Five behind follow me stand mike one bravo,Sierra Six Two continue charlie lima Quebec Quebec Five Bairfor me stand mike one bravo,ATC,ATC
ASR + Role,LKPR_RUZYNE_Tower_134_560MHz_20201027_135224.wav,Ryan Air One Bravo Alfa startup is approved startup approved Ryan Air One Bravo Alfa,Hotel Papa Qantas Nine One Zero Qantas Nine One Zero thank you very much,ATC,Pilot
ASR + Role,LKTB_BRNO_Approach-Radar_127_350MHz_20201029_101954.wav,Sierra Papa Foxtrot Lima Foxtrot contact Wien Radar one two five decimal one seven five good bye,Sierra Papa Foxtrot Lima Foxtrot contact Vienna radar one two five decimal one seven five good bye,Other,ATC
ASR + Role,LKTB_BRNO_Tower_119_605MHz_20201027_122331.wav,Romeo Alfa Zero One Eight One Seven your flight plan was suspended i am sending delay message,number alpha zero one eight one seven your flight plan was suspended i am sending delay message,ATC,ATC
ASR + Role,LKTB_BRNO_Tower_119_605MHz_20201028_140518.wav,Oskar Kilo Whiskey November Lima information exprite vacating via bravo and taxi to foxtrot bravo affirm,Oscar Kilo Whiskey November Lima formation escort right vacating Bravo and taxi to foxtrot bravo farm,Other,ATC
ASR + Role,LSGS_SION_Ground_Control_121_7MHz_20210419_153441.wav,Two Bravo Sierra to the left taxi with,,ATC,
ASR + Role,LSGS_SION_Ground_Control_121_7MHz_20210421_143604.wav,Hotel Hotel X-ray go around Hotel X-ray,Hotel Bravo Juliett confirm your route Hotel Bravo Juliett,Other,ATC
ASR + Role,LSGS_SION_Ground_Control_121_7MHz_20210422_083102.wav,Hotel Foxtrot Oscar Echo One at six thousand feet Foxtrot Oscar report echo two for runway two five,Foxtrot Oscar report echo tower for runway two five full,Other,ATC
ASR + Role,LSGS_SION_Ground_Control_121_7MHz_20210502_060221.wav,takeoff Sierra number one number one Hotel Echo X-ray,,ATC,
ASR + Role,LSGS_SION_Ground_Control_121_7MHz_20210502_060824.wav,Hotel Echo X-ray downwind two five for touch and go,Hotel Echo X-ray downwind two five for touch and go,ATC,ATC
ASR + Role,LSGS_SION_Ground_Control_121_7MHz_20210502_061623.wav,Hotel Echo X-ray final two five for touch and go,Hotel Echo X-ray final two five for touch and go,ATC,ATC
ASR + Role,LSGS_SION_Ground_Control_121_7MHz_20210502_065138.wav,Sion November Seven One Six Alpha Sierra Alpine jet ready for taxi November Alpha Sierra taxi to holding point delta holding point November Seven One Six Alpha Sierra,November seven one six Alfa Sierra,Pilot,Pilot
ASR + Role,LSGS_SION_Ground_Control_121_7MHz_20210502_065407.wav,November Alpha Sierra line up runway two five,November Alpha Sierra line up runway two five,ATC,ATC
ASR + Role,LSGS_SION_Ground_Control_121_7MHz_20210502_065520.wav,November Alpha Sierra wind two five zero degrees nine knots runway two five cleared for takeoff report one three thousand feet climbing,,ATC,
ASR + Role,LSGS_SION_Ground_Control_121_7MHz_20210502_065945.wav,we are not ready now Foxtrot Lima Delta,Hotel Echo X-ray we are not ready now wait five minutes,Other,ATC
ASR + Role,LSGS_SION_Ground_Control_121_7MHz_20210502_071049.wav,Sion tower bonjour Bair Nine Five now establish on the ILS runway two five,Sion tower bonjour pr nine five one establish and the ILS runway two five,Other,Pilot
ASR + Role,LSGS_SION_Ground_Control_121_7MHz_20210502_092024.wav,Luxor Two Two Hotel Sion bonjour,Hotel Sion bonjour Hotel Sion Hotel Sion Hotel Sion Hotel Sion,ATC,ATC
ASR + Role,LSGS_SION_Ground_Control_121_7MHz_20210502_164140.wav,Papa Mike vacate to the left and then straight ahead until further advised the left and then straight ahead Hotel Papa Mike,Papa Mike vacated to the left and then straight ahead until further advised,ATC,ATC
ASR + Role,LSGS_SION_Ground_Control_121_7MHz_20210502_164218.wav,Lufthansa Mike which parking Lufthansa Mike continue for what two zero meters and then will be first a yellow light to the right,Oscar Mike which parking,Pilot,ATC
ASR + Role,LSGS_SION_Ground_Control_121_7MHz_20210502_164322.wav,Hotel Papa Mike perfect thank you very much thank you very much Hotel Papa Mike,Hotel Echo Mike contact me in two minutes Hotel Echo Mike,ATC,ATC
ASR + Role,LSGS_SION_Ground_Control_121_7MHz_20210503_080828.wav,Hotel Lima Tango roger standby i coordinate with military sector,,ATC,
ASR + Role,LSGS_SION_Ground_Control_121_7MHz_20210503_081644.wav,clouds four hundred feet for landing,thousand four hundred feet for landing,Other,ATC
ASR + Role,LSGS_SION_Ground_Control_121_7MHz_20210503_082722.wav,next final two five Hotel Charlie Juliett,next final two five hotel charlie juliet,Other,Pilot
